,ref_domain,Percentage of Total Views
0,google,11.953817587848498
1,facebook.com,6.459301865631704
2,news.google.com,4.33427801588742
3,twitter.com,2.870718098349365
4,googleapis.com,2.415409028931485
5,flipboard.com,1.3008697594549694
6,reddit.com,0.5597360473178926
7,linkedin.com,0.2901990348415679
8,nationalnewswatch.com,0.27493519849967657
9,www-thestar-com.cdn.ampproject.org,0.11429262821855207
